date;fundingRate;fundingRateLong;fundingRateShort
"7/4/2024, 15:30:11";0.0040934;0.0040934;0.0040934
"7/4/2024, 14:30:06";0.0020997940000000003;0.0020997940000000003;0.0020997940000000003
"7/4/2024, 13:30:18";0.0008180549999999999;0.0008180549999999999;0.0008180549999999999
"7/4/2024, 12:31:27";0.001020572;0.001020572;0.001020572
"7/4/2024, 11:31:26";0.000989597;0.000989597;0.000989597
"7/4/2024, 10:31:34";0.0006792749999999999;0.0006792749999999999;0.0006792749999999999
"7/4/2024, 09:30:56";0.001359882;0.001359882;0.001359882
"7/4/2024, 08:30:58";0.002284146;0.002284146;0.002284146
"7/4/2024, 07:31:04";-0.000172853;-0.000172853;-0.000172853
"7/4/2024, 06:30:14";0.001915063;0.001915063;0.001915063
"7/4/2024, 05:31:45";0.001831223;0.001831223;0.001831223
"7/4/2024, 04:31:57";0.001433564;0.001433564;0.001433564
"7/4/2024, 03:30:11";0.0016029710000000001;0.0016029710000000001;0.0016029710000000001
"7/4/2024, 02:31:09";0.000829425;0.000829425;0.000829425
"7/4/2024, 01:30:40";-0.0005019310000000001;-0.0005019310000000001;-0.0005019310000000001
"7/4/2024, 00:30:34";0.000617846;0.000617846;0.000617846
"7/3/2024, 23:30:31";-0.001138223;-0.001138223;-0.001138223
"7/3/2024, 22:30:17";-0.006971864;-0.006971864;-0.006971864
"7/3/2024, 21:31:27";-0.021790819;-0.021790819;-0.021790819
"7/3/2024, 20:30:01";0.00047755199999999996;0.00047755199999999996;0.00047755199999999996
"7/3/2024, 19:30:11";0.001032691;0.001032691;0.001032691
"7/3/2024, 18:30:10";-0.000015654000000000003;-0.000015654000000000003;-0.000015654000000000003
"7/3/2024, 17:30:10";0.000362098;0.000362098;0.000362098
"7/3/2024, 16:30:08";-0.000689913;-0.000689913;-0.000689913
"7/3/2024, 15:30:10";0.000200351;0.000200351;0.000200351
"7/3/2024, 14:30:13";0.000070703;0.000070703;0.000070703
"7/3/2024, 13:30:08";0.000181704;0.000181704;0.000181704
"7/3/2024, 12:30:06";0.000661582;0.000661582;0.000661582
"7/3/2024, 11:30:06";0.001163731;0.001163731;0.001163731
"7/3/2024, 10:30:07";0.000488357;0.000488357;0.000488357
"7/3/2024, 09:30:07";0.002073445;0.002073445;0.002073445
"7/3/2024, 08:30:06";0.0014967939999999999;0.0014967939999999999;0.0014967939999999999
"7/3/2024, 07:30:07";0.0016657850000000001;0.0016657850000000001;0.0016657850000000001
"7/3/2024, 06:30:09";0.002214547;0.002214547;0.002214547
"7/3/2024, 05:30:14";0.002448323;0.002448323;0.002448323
"7/3/2024, 04:30:06";0.003227179;0.003227179;0.003227179
"7/3/2024, 03:30:08";0.002583624;0.002583624;0.002583624
"7/3/2024, 02:30:06";0.001827164;0.001827164;0.001827164
"7/3/2024, 01:30:11";0.001783676;0.001783676;0.001783676
"7/3/2024, 00:30:07";0.002605211;0.002605211;0.002605211
"7/2/2024, 23:30:04";0.0012666420000000001;0.0012666420000000001;0.0012666420000000001
"7/2/2024, 22:30:04";-0.000415572;-0.000415572;-0.000415572
"7/2/2024, 21:30:03";-0.001334054;-0.001334054;-0.001334054
"7/2/2024, 20:30:03";-0.0017625450000000001;-0.0017625450000000001;-0.0017625450000000001
"7/2/2024, 19:30:05";0.0037150530000000003;0.0037150530000000003;0.0037150530000000003
"7/2/2024, 18:30:03";0.005318206;0.005318206;0.005318206
"7/2/2024, 17:30:03";0.005022763;0.005022763;0.005022763
"7/2/2024, 16:30:01";0.00488196;0.00488196;0.00488196
"7/2/2024, 15:30:02";0.005386332000000001;0.005386332000000001;0.005386332000000001
"7/2/2024, 14:30:02";0.005044436;0.005044436;0.005044436
"7/2/2024, 13:31:30";0.005545642;0.005545642;0.005545642
"7/2/2024, 12:31:32";0.005638979;0.005638979;0.005638979
"7/2/2024, 11:31:21";0.005961499;0.005961499;0.005961499
"7/2/2024, 10:31:01";0.007393955;0.007393955;0.007393955
"7/2/2024, 09:30:49";0.010580949000000001;0.010580949000000001;0.010580949000000001
"7/2/2024, 08:30:29";0.0076116099999999996;0.0076116099999999996;0.0076116099999999996
"7/2/2024, 07:30:05";0.007667785;0.007667785;0.007667785
"7/2/2024, 06:30:15";0.0040308570000000005;0.0040308570000000005;0.0040308570000000005
"7/2/2024, 05:30:21";0.003218789;0.003218789;0.003218789
"7/2/2024, 04:31:07";0.0032855289999999997;0.0032855289999999997;0.0032855289999999997
"7/2/2024, 03:31:07";0.004489419;0.004489419;0.004489419
"7/2/2024, 02:31:13";0.004838415;0.004838415;0.004838415
"7/2/2024, 01:30:03";0.0047915219999999994;0.0047915219999999994;0.0047915219999999994
"7/2/2024, 00:30:15";0.005357223;0.005357223;0.005357223
"7/1/2024, 23:31:36";0.004088677;0.004088677;0.004088677
"7/1/2024, 22:31:55";0.003130663;0.003130663;0.003130663
"7/1/2024, 21:30:32";0.003156161;0.003156161;0.003156161
"7/1/2024, 20:30:33";0.00338666;0.00338666;0.00338666
"7/1/2024, 19:30:24";0.003532991;0.003532991;0.003532991
"7/1/2024, 18:31:51";0.005041641;0.005041641;0.005041641
"7/1/2024, 17:30:29";0.0029320319999999998;0.0029320319999999998;0.0029320319999999998
"7/1/2024, 16:30:02";0.003809233;0.003809233;0.003809233
"7/1/2024, 15:30:52";0.003984827;0.003984827;0.003984827
"7/1/2024, 14:31:43";0.004414380999999999;0.004414380999999999;0.004414380999999999
"7/1/2024, 13:31:26";0.005298667;0.005298667;0.005298667
"7/1/2024, 12:31:07";0.005163518;0.005163518;0.005163518
"7/1/2024, 11:30:49";0.005310081;0.005310081;0.005310081
"7/1/2024, 10:31:41";0.006413417;0.006413417;0.006413417
"7/1/2024, 09:31:27";0.006247234;0.006247234;0.006247234
"7/1/2024, 08:31:09";0.006640379;0.006640379;0.006640379
"7/1/2024, 07:31:37";0.007455892;0.007455892;0.007455892
"7/1/2024, 06:30:27";0.0058111249999999995;0.0058111249999999995;0.0058111249999999995
"7/1/2024, 05:31:44";0.0065011570000000005;0.0065011570000000005;0.0065011570000000005
"7/1/2024, 04:31:26";0.013702538;0.013702538;0.013702538
"7/1/2024, 03:31:03";0.002076403;0.002076403;0.002076403
"7/1/2024, 02:30:25";0.002680057;0.002680057;0.002680057
"7/1/2024, 01:31:28";0.002499957;0.002499957;0.002499957
"7/1/2024, 00:31:26";0.0046017919999999995;0.0046017919999999995;0.0046017919999999995
"6/30/2024, 23:30:54";0.007487477;0.007487477;0.007487477
"6/30/2024, 22:30:41";0.001790967;0.001790967;0.001790967
"6/30/2024, 21:30:40";0.001459377;0.001459377;0.001459377
"6/30/2024, 20:30:41";0.001922287;0.001922287;0.001922287
"6/30/2024, 19:30:45";0.002311242;0.002311242;0.002311242
"6/30/2024, 18:30:42";0.001665112;0.001665112;0.001665112
"6/30/2024, 17:30:07";0.0016503520000000001;0.0016503520000000001;0.0016503520000000001
"6/30/2024, 16:30:12";0.0014530460000000002;0.0014530460000000002;0.0014530460000000002
"6/30/2024, 15:30:38";0.0018534839999999999;0.0018534839999999999;0.0018534839999999999
"6/30/2024, 14:30:38";0.002644149;0.002644149;0.002644149
"6/30/2024, 13:30:27";0.004458404;0.004458404;0.004458404
"6/30/2024, 12:30:38";0.001843069;0.001843069;0.001843069
"6/30/2024, 11:30:39";0.001552517;0.001552517;0.001552517
"6/30/2024, 10:30:42";0.001907991;0.001907991;0.001907991
"6/30/2024, 09:30:38";0.003170236;0.003170236;0.003170236
"6/30/2024, 08:30:06";0.002150359;0.002150359;0.002150359
"6/30/2024, 07:30:38";0.0030846650000000003;0.0030846650000000003;0.0030846650000000003
"6/30/2024, 06:30:36";0.003584612;0.003584612;0.003584612
"6/30/2024, 05:30:25";0.004454038;0.004454038;0.004454038
"6/30/2024, 04:30:08";0.0025842689999999997;0.0025842689999999997;0.0025842689999999997
"6/30/2024, 03:30:33";0.002880305;0.002880305;0.002880305
"6/30/2024, 02:30:28";0.002757194;0.002757194;0.002757194
"6/30/2024, 01:30:54";0.002976719;0.002976719;0.002976719
"6/30/2024, 00:30:41";0.003174719;0.003174719;0.003174719
"6/29/2024, 23:30:53";0.003282068;0.003282068;0.003282068
"6/29/2024, 22:30:52";0.003435979;0.003435979;0.003435979
"6/29/2024, 21:30:20";0.003543168;0.003543168;0.003543168
"6/29/2024, 20:30:29";0.0037240850000000002;0.0037240850000000002;0.0037240850000000002
"6/29/2024, 19:30:50";0.005771144;0.005771144;0.005771144
"6/29/2024, 18:30:18";0.003421248;0.003421248;0.003421248
"6/29/2024, 17:30:47";0.003197096;0.003197096;0.003197096
"6/29/2024, 16:30:48";0.0027725809999999997;0.0027725809999999997;0.0027725809999999997
"6/29/2024, 15:30:28";0.002492366;0.002492366;0.002492366
"6/29/2024, 14:30:47";0.0026645889999999998;0.0026645889999999998;0.0026645889999999998
"6/29/2024, 13:30:44";0.003432318;0.003432318;0.003432318
"6/29/2024, 12:30:48";0.0030104700000000003;0.0030104700000000003;0.0030104700000000003
"6/29/2024, 11:30:09";0.002317297;0.002317297;0.002317297
"6/29/2024, 10:30:28";0.002462729;0.002462729;0.002462729
"6/29/2024, 09:30:49";0.002409419;0.002409419;0.002409419
"6/29/2024, 08:30:16";0.0031513360000000002;0.0031513360000000002;0.0031513360000000002
"6/29/2024, 07:30:49";0.004964629999999999;0.004964629999999999;0.004964629999999999
"6/29/2024, 06:30:37";0.00603086;0.00603086;0.00603086
"6/29/2024, 05:30:48";0.0039670619999999995;0.0039670619999999995;0.0039670619999999995
"6/29/2024, 04:30:47";0.0036446309999999997;0.0036446309999999997;0.0036446309999999997
"6/29/2024, 03:30:18";0.0021860219999999997;0.0021860219999999997;0.0021860219999999997
"6/29/2024, 02:30:20";0.002877577;0.002877577;0.002877577
"6/29/2024, 01:30:45";0.002886212;0.002886212;0.002886212
"6/29/2024, 00:30:37";0.003864518;0.003864518;0.003864518
"6/28/2024, 23:30:40";0.0026535169999999998;0.0026535169999999998;0.0026535169999999998
"6/28/2024, 22:31:15";0.002125912;0.002125912;0.002125912
"6/28/2024, 21:31:38";0.001433066;0.001433066;0.001433066
"6/28/2024, 20:31:08";0.000858223;0.000858223;0.000858223
"6/28/2024, 19:30:58";0.0013604020000000001;0.0013604020000000001;0.0013604020000000001
"6/28/2024, 18:31:07";0.000304161;0.000304161;0.000304161
"6/28/2024, 17:31:03";0.001126386;0.001126386;0.001126386
"6/28/2024, 16:31:05";0.001397632;0.001397632;0.001397632
"6/28/2024, 15:30:26";0.001503085;0.001503085;0.001503085
"6/28/2024, 14:30:37";0.001474759;0.001474759;0.001474759
"6/28/2024, 13:31:33";0.0011461449999999999;0.0011461449999999999;0.0011461449999999999
"6/28/2024, 12:30:26";0.00096932;0.00096932;0.00096932
"6/28/2024, 11:31:35";0.000866201;0.000866201;0.000866201
"6/28/2024, 10:30:45";0.0015172020000000003;0.0015172020000000003;0.0015172020000000003
"6/28/2024, 09:30:52";0.005723273;0.005723273;0.005723273
"6/28/2024, 08:31:36";0.001522663;0.001522663;0.001522663
"6/28/2024, 07:31:22";0.009514242;0.009514242;0.009514242
"6/28/2024, 06:30:54";0.0011659679999999999;0.0011659679999999999;0.0011659679999999999
"6/28/2024, 05:31:00";0.0024231440000000003;0.0024231440000000003;0.0024231440000000003
"6/28/2024, 04:31:29";0.0048237969999999995;0.0048237969999999995;0.0048237969999999995
"6/28/2024, 03:30:28";0.008838236000000001;0.008838236000000001;0.008838236000000001
"6/28/2024, 02:30:28";0.00122343;0.00122343;0.00122343
"6/28/2024, 01:31:04";0.000948832;0.000948832;0.000948832
"6/28/2024, 00:31:19";0.001264864;0.001264864;0.001264864
"6/27/2024, 23:30:16";0.0015425299999999999;0.0015425299999999999;0.0015425299999999999
"6/27/2024, 22:31:30";0.0025885500000000002;0.0025885500000000002;0.0025885500000000002
"6/27/2024, 21:31:22";0.003541558;0.003541558;0.003541558
"6/27/2024, 20:30:00";0.007383669000000001;0.007383669000000001;0.007383669000000001
"6/27/2024, 19:31:48";0.007545537000000001;0.007545537000000001;0.007545537000000001
"6/27/2024, 18:30:50";0.000858602;0.000858602;0.000858602
"6/27/2024, 17:30:46";0.000445083;0.000445083;0.000445083
"6/27/2024, 16:30:57";0.001852149;0.001852149;0.001852149
"6/27/2024, 15:31:23";0.002361532;0.002361532;0.002361532
"6/27/2024, 14:30:12";0.000290387;0.000290387;0.000290387
"6/27/2024, 13:31:15";0.00040295399999999996;0.00040295399999999996;0.00040295399999999996
"6/27/2024, 12:31:24";0.0006689420000000001;0.0006689420000000001;0.0006689420000000001
"6/27/2024, 11:31:11";0.0038885680000000002;0.0038885680000000002;0.0038885680000000002
"6/27/2024, 10:30:09";0.000567121;0.000567121;0.000567121
"6/27/2024, 09:30:51";0.000579731;0.000579731;0.000579731
"6/27/2024, 08:31:15";0.000201987;0.000201987;0.000201987
"6/27/2024, 07:31:19";-0.000414432;-0.000414432;-0.000414432
"6/27/2024, 06:31:40";-0.00023025499999999998;-0.00023025499999999998;-0.00023025499999999998
"6/27/2024, 05:31:22";0.001300714;0.001300714;0.001300714
"6/27/2024, 04:30:36";0.001132223;0.001132223;0.001132223
"6/27/2024, 03:30:15";0.001286724;0.001286724;0.001286724
"6/27/2024, 02:30:30";0.001542865;0.001542865;0.001542865
"6/27/2024, 01:30:49";0.0016177589999999999;0.0016177589999999999;0.0016177589999999999
"6/27/2024, 00:30:25";0.000992724;0.000992724;0.000992724
"6/26/2024, 23:30:27";0.000888849;0.000888849;0.000888849
"6/26/2024, 22:31:46";0.001145688;0.001145688;0.001145688
"6/26/2024, 21:30:50";0.001468777;0.001468777;0.001468777
"6/26/2024, 20:31:36";0.0015698020000000001;0.0015698020000000001;0.0015698020000000001
"6/26/2024, 19:30:18";0.002071047;0.002071047;0.002071047
"6/26/2024, 18:30:11";0.003135958;0.003135958;0.003135958
"6/26/2024, 17:31:05";0.0025002930000000002;0.0025002930000000002;0.0025002930000000002
"6/26/2024, 16:31:02";0.000704265;0.000704265;0.000704265
"6/26/2024, 15:30:26";0.0009711180000000001;0.0009711180000000001;0.0009711180000000001
"6/26/2024, 14:31:22";0.0012305030000000002;0.0012305030000000002;0.0012305030000000002
"6/26/2024, 13:31:21";0.001413028;0.001413028;0.001413028
"6/26/2024, 12:30:19";0.00135831;0.00135831;0.00135831
"6/26/2024, 11:31:15";0.00159226;0.00159226;0.00159226
"6/26/2024, 10:30:11";0.0011718079999999999;0.0011718079999999999;0.0011718079999999999
"6/26/2024, 09:30:41";0.001771953;0.001771953;0.001771953
"6/26/2024, 08:30:10";0.004302977;0.004302977;0.004302977
"6/26/2024, 07:30:10";0.008034096;0.008034096;0.008034096
"6/26/2024, 06:30:05";0.00219574;0.00219574;0.00219574
"6/26/2024, 05:31:07";0.002387368;0.002387368;0.002387368
"6/26/2024, 04:30:06";0.002046469;0.002046469;0.002046469
"6/26/2024, 03:30:31";0.0022975680000000003;0.0022975680000000003;0.0022975680000000003
"6/26/2024, 02:30:23";0.002415358;0.002415358;0.002415358
"6/26/2024, 01:31:07";0.002696556;0.002696556;0.002696556
"6/26/2024, 00:31:03";0.00318239;0.00318239;0.00318239
"6/25/2024, 23:30:33";0.0032507419999999996;0.0032507419999999996;0.0032507419999999996
"6/25/2024, 22:30:25";0.004919646000000001;0.004919646000000001;0.004919646000000001
"6/25/2024, 21:30:56";0.011345434000000001;0.011345434000000001;0.011345434000000001
"6/25/2024, 20:30:47";0.004667725;0.004667725;0.004667725
"6/25/2024, 19:30:16";0.002294844;0.002294844;0.002294844
"6/25/2024, 18:30:04";0.00408132;0.00408132;0.00408132
"6/25/2024, 17:30:35";0.007873757;0.007873757;0.007873757
"6/25/2024, 16:30:34";0.013125052;0.013125052;0.013125052
"6/25/2024, 15:30:00";0.011410751;0.011410751;0.011410751
"6/25/2024, 14:30:31";0.004029559;0.004029559;0.004029559
"6/25/2024, 13:30:19";0.002253234;0.002253234;0.002253234
"6/25/2024, 12:30:16";0.002402852;0.002402852;0.002402852
"6/25/2024, 11:30:44";0.0028766340000000003;0.0028766340000000003;0.0028766340000000003
"6/25/2024, 10:30:15";0.003456758;0.003456758;0.003456758
"6/25/2024, 09:30:12";0.011374188;0.011374188;0.011374188
"6/25/2024, 08:30:52";0.006368839;0.006368839;0.006368839
"6/25/2024, 07:30:50";0.003830187;0.003830187;0.003830187
"6/25/2024, 06:30:47";0.003776153;0.003776153;0.003776153
"6/25/2024, 05:30:51";0.0057383899999999995;0.0057383899999999995;0.0057383899999999995
"6/25/2024, 04:30:51";0.007162462;0.007162462;0.007162462
"6/25/2024, 03:30:52";0.011344021;0.011344021;0.011344021
"6/25/2024, 02:30:51";0.002495489;0.002495489;0.002495489
"6/25/2024, 01:30:37";0.00378846;0.00378846;0.00378846
"6/25/2024, 00:30:59";0.004796903999999999;0.004796903999999999;0.004796903999999999
"6/24/2024, 23:30:53";0.004810332;0.004810332;0.004810332
"6/24/2024, 22:30:51";0.002473207;0.002473207;0.002473207
"6/24/2024, 21:30:51";0.003311115;0.003311115;0.003311115
"6/24/2024, 20:30:49";0.00291698;0.00291698;0.00291698
"6/24/2024, 19:30:55";0.00459206;0.00459206;0.00459206
"6/24/2024, 18:30:41";0.000704778;0.000704778;0.000704778
"6/24/2024, 17:30:50";0.002530286;0.002530286;0.002530286
"6/24/2024, 16:30:02";0.000278125;0.000278125;0.000278125
"6/24/2024, 15:30:49";-0.000976784;-0.000976784;-0.000976784
"6/24/2024, 14:30:46";0.000902188;0.000902188;0.000902188
"6/24/2024, 13:30:14";0.00054555;0.00054555;0.00054555
"6/24/2024, 12:30:29";-0.000288516;-0.000288516;-0.000288516
"6/24/2024, 11:30:13";-0.002664485;-0.002664485;-0.002664485
"6/24/2024, 10:30:13";-0.000930767;-0.000930767;-0.000930767
"6/24/2024, 09:30:10";-0.000981139;-0.000981139;-0.000981139
"6/24/2024, 08:30:21";0.00019542599999999998;0.00019542599999999998;0.00019542599999999998
"6/24/2024, 07:30:13";0.0017732190000000001;0.0017732190000000001;0.0017732190000000001
"6/24/2024, 06:30:13";0.002034335;0.002034335;0.002034335
"6/24/2024, 05:30:13";0.000936353;0.000936353;0.000936353
"6/24/2024, 04:30:12";0.000490965;0.000490965;0.000490965
"6/24/2024, 03:30:12";0.000964757;0.000964757;0.000964757
"6/24/2024, 02:30:13";0.000659137;0.000659137;0.000659137
"6/24/2024, 01:30:09";0.0011236649999999998;0.0011236649999999998;0.0011236649999999998
"6/24/2024, 00:30:06";0.001230839;0.001230839;0.001230839
"6/23/2024, 23:31:45";0.000500802;0.000500802;0.000500802
"6/23/2024, 22:30:40";0.000168706;0.000168706;0.000168706
"6/23/2024, 21:30:40";-0.000211634;-0.000211634;-0.000211634
"6/23/2024, 20:31:53";0.0009155379999999999;0.0009155379999999999;0.0009155379999999999
"6/23/2024, 19:30:04";0.001470698;0.001470698;0.001470698
"6/23/2024, 18:30:50";0.001998059;0.001998059;0.001998059
"6/23/2024, 17:30:12";0.001320217;0.001320217;0.001320217
"6/23/2024, 16:31:34";0.001086126;0.001086126;0.001086126
"6/23/2024, 15:31:29";0.0008525270000000001;0.0008525270000000001;0.0008525270000000001
"6/23/2024, 14:31:35";0.000879108;0.000879108;0.000879108
"6/23/2024, 13:30:50";0.000535906;0.000535906;0.000535906
"6/23/2024, 12:30:16";0.000966513;0.000966513;0.000966513
"6/23/2024, 11:31:22";0.001804005;0.001804005;0.001804005
"6/23/2024, 10:30:46";0.001070224;0.001070224;0.001070224
"6/23/2024, 09:31:16";0.0019189690000000002;0.0019189690000000002;0.0019189690000000002
"6/23/2024, 08:30:14";0.001642879;0.001642879;0.001642879
"6/23/2024, 07:31:06";0.001573526;0.001573526;0.001573526
"6/23/2024, 06:31:05";0.001806286;0.001806286;0.001806286
"6/23/2024, 05:30:06";0.001459818;0.001459818;0.001459818
"6/23/2024, 04:30:05";0.0015172159999999998;0.0015172159999999998;0.0015172159999999998
"6/23/2024, 03:30:35";0.00152703;0.00152703;0.00152703
"6/23/2024, 02:30:01";0.0014868099999999999;0.0014868099999999999;0.0014868099999999999
"6/23/2024, 01:30:58";0.001469646;0.001469646;0.001469646
"6/23/2024, 00:30:29";0.001391045;0.001391045;0.001391045
"6/22/2024, 23:30:28";0.0019008509999999998;0.0019008509999999998;0.0019008509999999998
"6/22/2024, 22:31:16";0.002214831;0.002214831;0.002214831
"6/22/2024, 21:30:58";0.002260258;0.002260258;0.002260258
"6/22/2024, 20:31:12";0.002513593;0.002513593;0.002513593
"6/22/2024, 19:30:53";0.0027794910000000003;0.0027794910000000003;0.0027794910000000003
"6/22/2024, 18:30:41";0.002075613;0.002075613;0.002075613
"6/22/2024, 17:30:07";0.002502923;0.002502923;0.002502923
"6/22/2024, 16:31:07";0.002182456;0.002182456;0.002182456
"6/22/2024, 15:30:30";0.001697206;0.001697206;0.001697206
"6/22/2024, 14:30:30";0.001459498;0.001459498;0.001459498
"6/22/2024, 13:31:04";0.00198229;0.00198229;0.00198229
"6/22/2024, 12:30:21";0.00220011;0.00220011;0.00220011
"6/22/2024, 11:30:44";0.002102142;0.002102142;0.002102142
"6/22/2024, 10:31:08";0.002063622;0.002063622;0.002063622
"6/22/2024, 09:30:11";0.00206571;0.00206571;0.00206571
"6/22/2024, 08:31:04";0.001900872;0.001900872;0.001900872
"6/22/2024, 07:31:02";0.001623267;0.001623267;0.001623267
"6/22/2024, 06:30:59";0.000460887;0.000460887;0.000460887
"6/22/2024, 05:30:37";0.0009353289999999999;0.0009353289999999999;0.0009353289999999999
"6/22/2024, 04:30:39";0.001164349;0.001164349;0.001164349
"6/22/2024, 03:32:01";0.0008847350000000001;0.0008847350000000001;0.0008847350000000001
"6/22/2024, 02:30:04";0.0009235679999999999;0.0009235679999999999;0.0009235679999999999
"6/22/2024, 01:30:34";0.001404503;0.001404503;0.001404503
"6/22/2024, 00:31:00";0.000943904;0.000943904;0.000943904
"6/21/2024, 23:30:58";0.000024069;0.000024069;0.000024069
"6/21/2024, 22:30:01";0.0015847609999999999;0.0015847609999999999;0.0015847609999999999
"6/21/2024, 21:30:46";0.000506259;0.000506259;0.000506259
"6/21/2024, 20:30:11";0.001574373;0.001574373;0.001574373
"6/21/2024, 19:30:48";0.000487618;0.000487618;0.000487618
"6/21/2024, 18:30:45";0.002256749;0.002256749;0.002256749
"6/21/2024, 17:30:45";0.001476011;0.001476011;0.001476011
"6/21/2024, 16:30:10";0.001708539;0.001708539;0.001708539
"6/21/2024, 15:30:31";0.001216224;0.001216224;0.001216224
"6/21/2024, 14:30:10";-0.000230643;-0.000230643;-0.000230643
"6/21/2024, 13:30:01";0.00034267399999999995;0.00034267399999999995;0.00034267399999999995
"6/21/2024, 12:30:17";0.001063282;0.001063282;0.001063282
"6/21/2024, 11:30:35";0.001228825;0.001228825;0.001228825
"6/21/2024, 10:30:09";0.001422437;0.001422437;0.001422437
"6/21/2024, 09:30:50";0.000696572;0.000696572;0.000696572
"6/21/2024, 08:30:01";0.001573493;0.001573493;0.001573493
"6/21/2024, 07:30:07";0.002058145;0.002058145;0.002058145
"6/21/2024, 06:30:00";0.000847373;0.000847373;0.000847373
"6/21/2024, 05:30:07";0.000964611;0.000964611;0.000964611
"6/21/2024, 04:30:04";0.001074964;0.001074964;0.001074964
"6/21/2024, 03:30:34";0.000921545;0.000921545;0.000921545
"6/21/2024, 02:30:29";0.001270984;0.001270984;0.001270984
"6/21/2024, 01:30:04";0.001846634;0.001846634;0.001846634
"6/21/2024, 00:30:30";0.0016465809999999998;0.0016465809999999998;0.0016465809999999998
"6/20/2024, 23:30:31";0.001801691;0.001801691;0.001801691
"6/20/2024, 22:30:00";0.001417582;0.001417582;0.001417582
"6/20/2024, 21:30:27";0.0010519849999999999;0.0010519849999999999;0.0010519849999999999
"6/20/2024, 20:30:20";0.00013815800000000001;0.00013815800000000001;0.00013815800000000001
"6/20/2024, 19:30:02";0.000199907;0.000199907;0.000199907
"6/20/2024, 18:30:22";0.000127883;0.000127883;0.000127883
"6/20/2024, 17:30:13";0.002184402;0.002184402;0.002184402
"6/20/2024, 16:30:15";0.0016450070000000002;0.0016450070000000002;0.0016450070000000002
"6/20/2024, 15:30:09";0.001172715;0.001172715;0.001172715
"6/20/2024, 14:30:11";0.0018743479999999999;0.0018743479999999999;0.0018743479999999999
"6/20/2024, 13:30:08";0.002840828;0.002840828;0.002840828
"6/20/2024, 12:30:06";0.001571499;0.001571499;0.001571499
"6/20/2024, 11:30:15";0.003319718;0.003319718;0.003319718
"6/20/2024, 10:30:04";0.002731958;0.002731958;0.002731958
"6/20/2024, 09:30:05";0.0020787550000000003;0.0020787550000000003;0.0020787550000000003
"6/20/2024, 08:30:03";0.002244242;0.002244242;0.002244242
"6/20/2024, 07:30:03";0.0020694370000000004;0.0020694370000000004;0.0020694370000000004
"6/20/2024, 06:30:04";0.0020132460000000002;0.0020132460000000002;0.0020132460000000002
"6/20/2024, 05:30:17";0.001649548;0.001649548;0.001649548
"6/20/2024, 04:30:07";0.0023086739999999997;0.0023086739999999997;0.0023086739999999997
"6/20/2024, 03:30:09";0.0028705;0.0028705;0.0028705
"6/20/2024, 02:30:34";0.002105479;0.002105479;0.002105479
"6/20/2024, 01:30:02";0.003946142;0.003946142;0.003946142
"6/20/2024, 00:30:26";0.004699699;0.004699699;0.004699699
"6/19/2024, 23:30:15";0.002973269;0.002973269;0.002973269
"6/19/2024, 22:30:07";0.001962846;0.001962846;0.001962846
"6/19/2024, 21:30:02";0.001143871;0.001143871;0.001143871
"6/19/2024, 20:30:30";0.003568223;0.003568223;0.003568223
"6/19/2024, 19:31:20";0.003179294;0.003179294;0.003179294
"6/19/2024, 18:30:14";0.002169499;0.002169499;0.002169499
"6/19/2024, 17:31:10";0.002261399;0.002261399;0.002261399
"6/19/2024, 16:30:08";0.004088476;0.004088476;0.004088476
"6/19/2024, 15:31:18";0.003878755;0.003878755;0.003878755
"6/19/2024, 14:30:47";0.001484159;0.001484159;0.001484159
"6/19/2024, 13:30:30";0.002025988;0.002025988;0.002025988
"6/19/2024, 12:30:14";0.0027107060000000002;0.0027107060000000002;0.0027107060000000002
"6/19/2024, 11:30:15";0.00229553;0.00229553;0.00229553
"6/19/2024, 10:30:48";0.001523426;0.001523426;0.001523426
"6/19/2024, 09:31:33";0.001435836;0.001435836;0.001435836
"6/19/2024, 08:30:21";0.0006645799999999999;0.0006645799999999999;0.0006645799999999999
"6/19/2024, 07:30:39";0.0011450070000000002;0.0011450070000000002;0.0011450070000000002
"6/19/2024, 06:31:21";0.001759255;0.001759255;0.001759255
"6/19/2024, 05:30:09";0.00125377;0.00125377;0.00125377
"6/19/2024, 04:30:29";0.002134748;0.002134748;0.002134748
"6/19/2024, 03:30:54";0.000612406;0.000612406;0.000612406
"6/19/2024, 02:30:21";0.000595916;0.000595916;0.000595916
"6/19/2024, 01:30:06";0.000148488;0.000148488;0.000148488
"6/19/2024, 00:30:38";0.00046048899999999996;0.00046048899999999996;0.00046048899999999996
"6/18/2024, 23:30:07";0.000207381;0.000207381;0.000207381
"6/18/2024, 22:30:35";0.0010652889999999999;0.0010652889999999999;0.0010652889999999999
"6/18/2024, 21:30:28";0.000822859;0.000822859;0.000822859
"6/18/2024, 20:31:26";0.00018626300000000002;0.00018626300000000002;0.00018626300000000002
"6/18/2024, 19:30:32";-0.000936525;-0.000936525;-0.000936525
"6/18/2024, 18:30:31";-0.0006906369999999999;-0.0006906369999999999;-0.0006906369999999999
"6/18/2024, 17:30:10";0.00030275;0.00030275;0.00030275
"6/18/2024, 16:30:40";0.000847016;0.000847016;0.000847016
"6/18/2024, 15:30:18";0.00245398;0.00245398;0.00245398
"6/18/2024, 14:30:13";0.000652474;0.000652474;0.000652474
"6/18/2024, 13:30:25";0.0001482;0.0001482;0.0001482
"6/18/2024, 12:30:56";0.00048512100000000003;0.00048512100000000003;0.00048512100000000003
"6/18/2024, 11:30:01";0.001850485;0.001850485;0.001850485
"6/18/2024, 10:30:49";0.001923652;0.001923652;0.001923652
"6/18/2024, 09:30:50";0.002486862;0.002486862;0.002486862
"6/18/2024, 08:30:43";-0.0006589120000000001;-0.0006589120000000001;-0.0006589120000000001
"6/18/2024, 07:30:03";-0.009550873;-0.009550873;-0.009550873
"6/18/2024, 06:30:20";-0.001786453;-0.001786453;-0.001786453
"6/18/2024, 05:30:44";0.00012237;0.00012237;0.00012237
"6/18/2024, 04:30:13";-0.00031572;-0.00031572;-0.00031572
"6/18/2024, 03:30:17";-0.00072702;-0.00072702;-0.00072702
"6/18/2024, 02:30:33";-0.002959584;-0.002959584;-0.002959584
"6/18/2024, 01:30:11";-0.001074776;-0.001074776;-0.001074776
"6/18/2024, 00:30:22";0.001495066;0.001495066;0.001495066
"6/17/2024, 23:30:27";0.000872437;0.000872437;0.000872437
"6/17/2024, 22:30:34";-0.001359826;-0.001359826;-0.001359826
"6/17/2024, 21:30:27";-0.000736996;-0.000736996;-0.000736996
"6/17/2024, 20:30:03";0.000880005;0.000880005;0.000880005
"6/17/2024, 19:30:12";0.00072419;0.00072419;0.00072419
"6/17/2024, 18:30:23";0.0011123700000000001;0.0011123700000000001;0.0011123700000000001
"6/17/2024, 17:30:25";0.000716993;0.000716993;0.000716993
"6/17/2024, 16:30:28";0.000318011;0.000318011;0.000318011
"6/17/2024, 15:30:19";0.001022796;0.001022796;0.001022796
"6/17/2024, 14:30:30";0.000692153;0.000692153;0.000692153
"6/17/2024, 13:30:19";0.0008571459999999999;0.0008571459999999999;0.0008571459999999999
"6/17/2024, 12:30:16";0.000806658;0.000806658;0.000806658
"6/17/2024, 11:30:12";0.000531694;0.000531694;0.000531694
"6/17/2024, 10:30:16";0.001413859;0.001413859;0.001413859
"6/17/2024, 09:30:06";0.000988964;0.000988964;0.000988964
"6/17/2024, 08:30:20";0.000224422;0.000224422;0.000224422
"6/17/2024, 07:30:04";0.000175816;0.000175816;0.000175816
"6/17/2024, 06:30:19";0.001598596;0.001598596;0.001598596
"6/17/2024, 05:30:11";0.0014571389999999999;0.0014571389999999999;0.0014571389999999999
"6/17/2024, 04:30:04";0.001621728;0.001621728;0.001621728
"6/17/2024, 03:30:04";0.000921368;0.000921368;0.000921368
"6/17/2024, 02:30:04";0.000962723;0.000962723;0.000962723
"6/17/2024, 01:30:40";0.001084525;0.001084525;0.001084525
"6/17/2024, 00:30:56";0.000967738;0.000967738;0.000967738
"6/16/2024, 23:30:07";0.001742632;0.001742632;0.001742632
"6/16/2024, 22:30:32";0.0018855710000000002;0.0018855710000000002;0.0018855710000000002
"6/16/2024, 21:30:26";0.001576854;0.001576854;0.001576854
"6/16/2024, 20:30:57";0.001570478;0.001570478;0.001570478
"6/16/2024, 19:31:05";0.001427851;0.001427851;0.001427851
"6/16/2024, 18:30:23";0.000949209;0.000949209;0.000949209
"6/16/2024, 17:31:45";0.001334577;0.001334577;0.001334577
"6/16/2024, 16:30:39";0.0023382420000000004;0.0023382420000000004;0.0023382420000000004
"6/16/2024, 15:31:12";0.001528999;0.001528999;0.001528999
"6/16/2024, 14:30:37";0.001118587;0.001118587;0.001118587
"6/16/2024, 13:30:34";0.001565178;0.001565178;0.001565178
"6/16/2024, 12:30:56";0.001559954;0.001559954;0.001559954
"6/16/2024, 11:31:13";0.001328066;0.001328066;0.001328066
"6/16/2024, 10:30:16";0.001039339;0.001039339;0.001039339
"6/16/2024, 09:31:19";0.001034711;0.001034711;0.001034711
"6/16/2024, 08:31:37";0.000951487;0.000951487;0.000951487
"6/16/2024, 07:31:37";0.0008611339999999999;0.0008611339999999999;0.0008611339999999999
"6/16/2024, 06:31:05";0.0008674469999999999;0.0008674469999999999;0.0008674469999999999
"6/16/2024, 05:31:25";0.000996121;0.000996121;0.000996121
"6/16/2024, 04:30:05";0.000898799;0.000898799;0.000898799
"6/16/2024, 03:30:02";0.001067507;0.001067507;0.001067507
"6/16/2024, 02:30:01";0.000460365;0.000460365;0.000460365
"6/16/2024, 01:30:12";0.00050966;0.00050966;0.00050966
"6/16/2024, 00:30:25";0.000285518;0.000285518;0.000285518
"6/15/2024, 23:30:39";-0.000574715;-0.000574715;-0.000574715
"6/15/2024, 22:30:15";-0.000228894;-0.000228894;-0.000228894
"6/15/2024, 21:31:13";-0.000037409;-0.000037409;-0.000037409
"6/15/2024, 20:30:16";0.00036180800000000003;0.00036180800000000003;0.00036180800000000003
"6/15/2024, 19:30:09";0.000455503;0.000455503;0.000455503
"6/15/2024, 18:30:00";0.00014679500000000002;0.00014679500000000002;0.00014679500000000002
"6/15/2024, 17:30:05";0.000393673;0.000393673;0.000393673
"6/15/2024, 16:30:00";0.000168793;0.000168793;0.000168793
"6/15/2024, 15:30:07";0.0005547109999999999;0.0005547109999999999;0.0005547109999999999
"6/15/2024, 14:30:15";0.00034548099999999997;0.00034548099999999997;0.00034548099999999997
"6/15/2024, 13:30:54";-0.000008123;-0.000008123;-0.000008123
"6/15/2024, 12:30:03";0.0005042170000000001;0.0005042170000000001;0.0005042170000000001
"6/15/2024, 11:30:20";0.0006928699999999999;0.0006928699999999999;0.0006928699999999999
"6/15/2024, 10:30:24";0.0018777099999999999;0.0018777099999999999;0.0018777099999999999
"6/15/2024, 09:30:27";0.0015503710000000003;0.0015503710000000003;0.0015503710000000003
"6/15/2024, 08:30:21";0.000966538;0.000966538;0.000966538
"6/15/2024, 07:30:22";-0.000048411999999999997;-0.000048411999999999997;-0.000048411999999999997
"6/15/2024, 06:30:14";-0.00011077;-0.00011077;-0.00011077
"6/15/2024, 05:30:09";0.000056689000000000006;0.000056689000000000006;0.000056689000000000006
"6/15/2024, 04:30:16";0.000258737;0.000258737;0.000258737
"6/15/2024, 03:30:16";0.000990257;0.000990257;0.000990257
"6/15/2024, 02:30:28";-0.00019112599999999999;-0.00019112599999999999;-0.00019112599999999999
"6/15/2024, 01:30:12";-0.001044847;-0.001044847;-0.001044847
"6/15/2024, 00:30:12";-0.001942747;-0.001942747;-0.001942747
"6/14/2024, 23:30:21";-0.002330717;-0.002330717;-0.002330717
"6/14/2024, 22:30:12";-0.003291516;-0.003291516;-0.003291516
"6/14/2024, 21:30:19";-0.000501842;-0.000501842;-0.000501842
"6/14/2024, 20:30:17";0.000515937;0.000515937;0.000515937
"6/14/2024, 19:30:18";0.001020738;0.001020738;0.001020738
"6/14/2024, 18:30:09";0.0007267010000000001;0.0007267010000000001;0.0007267010000000001
"6/14/2024, 17:31:12";0.000973736;0.000973736;0.000973736
"6/14/2024, 16:30:12";0.001216653;0.001216653;0.001216653
"6/14/2024, 15:31:59";0.000534838;0.000534838;0.000534838
"6/14/2024, 14:31:11";0.001161051;0.001161051;0.001161051
"6/14/2024, 13:31:46";0.000714207;0.000714207;0.000714207
"6/14/2024, 12:30:48";0.0016858490000000001;0.0016858490000000001;0.0016858490000000001
"6/14/2024, 11:30:26";0.0018283499999999999;0.0018283499999999999;0.0018283499999999999
"6/14/2024, 10:30:35";0.001160958;0.001160958;0.001160958
"6/14/2024, 09:31:06";0.003117662;0.003117662;0.003117662
"6/14/2024, 08:31:40";0.001969761;0.001969761;0.001969761
"6/14/2024, 07:30:17";0.001699463;0.001699463;0.001699463
"6/14/2024, 06:30:48";0.000606333;0.000606333;0.000606333
"6/14/2024, 05:30:54";0.00048100700000000004;0.00048100700000000004;0.00048100700000000004
"6/14/2024, 04:30:14";0.0023756650000000003;0.0023756650000000003;0.0023756650000000003
"6/14/2024, 03:30:07";0.0011056;0.0011056;0.0011056
"6/14/2024, 02:30:19";0.00044943;0.00044943;0.00044943
"6/14/2024, 01:30:09";0.000277209;0.000277209;0.000277209
"6/14/2024, 00:30:36";0.0010333570000000002;0.0010333570000000002;0.0010333570000000002
"6/13/2024, 23:30:33";0.001210803;0.001210803;0.001210803
"6/13/2024, 22:30:09";0.0005663350000000001;0.0005663350000000001;0.0005663350000000001
"6/13/2024, 21:31:10";-0.000616924;-0.000616924;-0.000616924
"6/13/2024, 20:31:14";0.00044308799999999996;0.00044308799999999996;0.00044308799999999996
"6/13/2024, 19:31:03";0.000144309;0.000144309;0.000144309
"6/13/2024, 18:30:52";4.6700000000000004e-7;4.6700000000000004e-7;4.6700000000000004e-7
"6/13/2024, 17:30:49";0.0035429079999999996;0.0035429079999999996;0.0035429079999999996
"6/13/2024, 16:30:03";0.0017769970000000002;0.0017769970000000002;0.0017769970000000002
"6/13/2024, 15:30:11";0.0027551999999999997;0.0027551999999999997;0.0027551999999999997
"6/13/2024, 14:30:07";-0.000256664;-0.000256664;-0.000256664
"6/13/2024, 13:30:29";-0.000624471;-0.000624471;-0.000624471
"6/13/2024, 12:30:36";-0.000079897;-0.000079897;-0.000079897
"6/13/2024, 11:30:18";0.0006770389999999999;0.0006770389999999999;0.0006770389999999999
"6/13/2024, 10:30:19";-0.001772202;-0.001772202;-0.001772202
"6/13/2024, 09:30:39";-0.001487368;-0.001487368;-0.001487368
"6/13/2024, 08:30:18";0.00422396;0.00422396;0.00422396
"6/13/2024, 07:30:22";0.006079709;0.006079709;0.006079709
"6/13/2024, 06:30:18";0.00620289;0.00620289;0.00620289
"6/13/2024, 05:30:19";0.006647476;0.006647476;0.006647476
"6/13/2024, 04:30:23";0.007231794;0.007231794;0.007231794
"6/13/2024, 03:30:22";0.007547255;0.007547255;0.007547255
"6/13/2024, 02:30:17";0.005595162;0.005595162;0.005595162
"6/13/2024, 01:30:10";0.001650955;0.001650955;0.001650955
"6/13/2024, 00:30:28";0.004769021;0.004769021;0.004769021
"6/12/2024, 23:30:39";0.010680065;0.010680065;0.010680065
"6/12/2024, 22:30:34";0.010741294;0.010741294;0.010741294
"6/12/2024, 21:30:39";0.01109035;0.01109035;0.01109035
"6/12/2024, 20:30:00";0.010419872;0.010419872;0.010419872
"6/12/2024, 19:30:18";0.009665411;0.009665411;0.009665411
"6/12/2024, 18:30:06";0.004335667;0.004335667;0.004335667
"6/12/2024, 17:30:10";0.001530044;0.001530044;0.001530044
"6/12/2024, 16:30:21";0.0016508620000000001;0.0016508620000000001;0.0016508620000000001
"6/12/2024, 15:30:38";0.001635513;0.001635513;0.001635513
"6/12/2024, 14:30:12";0.0012195659999999998;0.0012195659999999998;0.0012195659999999998
"6/12/2024, 13:30:07";0.0015319829999999998;0.0015319829999999998;0.0015319829999999998
"6/12/2024, 12:30:09";0.0011840660000000001;0.0011840660000000001;0.0011840660000000001
"6/12/2024, 11:30:44";0.001262808;0.001262808;0.001262808
"6/12/2024, 10:30:33";0.001555668;0.001555668;0.001555668
"6/12/2024, 09:30:07";0.001576908;0.001576908;0.001576908
"6/12/2024, 08:30:40";0.001145969;0.001145969;0.001145969
"6/12/2024, 07:30:07";-0.000060389999999999996;-0.000060389999999999996;-0.000060389999999999996
"6/12/2024, 06:30:23";0.001030515;0.001030515;0.001030515
"6/12/2024, 05:30:16";0.0008276480000000001;0.0008276480000000001;0.0008276480000000001
"6/12/2024, 04:30:03";0.001619135;0.001619135;0.001619135
"6/12/2024, 03:30:09";0.000123289;0.000123289;0.000123289
"6/12/2024, 02:30:35";0.0021263009999999997;0.0021263009999999997;0.0021263009999999997
"6/12/2024, 01:30:03";0.001939237;0.001939237;0.001939237
"6/12/2024, 00:30:04";0.0013654930000000002;0.0013654930000000002;0.0013654930000000002
"6/11/2024, 23:30:30";0.0017043310000000001;0.0017043310000000001;0.0017043310000000001
"6/11/2024, 22:30:14";-0.000852993;-0.000852993;-0.000852993
"6/11/2024, 21:30:10";-0.000404486;-0.000404486;-0.000404486
"6/11/2024, 20:30:11";0.0020844830000000003;0.0020844830000000003;0.0020844830000000003
"6/11/2024, 19:30:13";0.002593136;0.002593136;0.002593136
"6/11/2024, 18:30:15";0.002192151;0.002192151;0.002192151
"6/11/2024, 17:30:10";0.003004069;0.003004069;0.003004069
"6/11/2024, 16:30:01";0.007649265;0.007649265;0.007649265
"6/11/2024, 15:30:55";0.0022133440000000003;0.0022133440000000003;0.0022133440000000003
"6/11/2024, 14:30:38";0.0019195959999999998;0.0019195959999999998;0.0019195959999999998
"6/11/2024, 13:30:52";0.000841924;0.000841924;0.000841924
"6/11/2024, 12:30:16";0.0004930129999999999;0.0004930129999999999;0.0004930129999999999
"6/11/2024, 11:30:27";0.0008436930000000001;0.0008436930000000001;0.0008436930000000001
"6/11/2024, 10:30:12";0.000178182;0.000178182;0.000178182
"6/11/2024, 09:30:43";0.00015540499999999998;0.00015540499999999998;0.00015540499999999998
"6/11/2024, 08:30:03";-0.000338492;-0.000338492;-0.000338492
"6/11/2024, 07:31:29";-0.001695303;-0.001695303;-0.001695303
"6/11/2024, 06:30:27";0.000721319;0.000721319;0.000721319
"6/11/2024, 05:30:14";0.000924933;0.000924933;0.000924933
"6/11/2024, 04:31:10";0.001413959;0.001413959;0.001413959
"6/11/2024, 03:30:24";0.001708438;0.001708438;0.001708438
"6/11/2024, 02:30:32";0.0018752309999999998;0.0018752309999999998;0.0018752309999999998
"6/11/2024, 01:30:30";0.001213631;0.001213631;0.001213631
"6/11/2024, 00:30:46";0.001765453;0.001765453;0.001765453
"6/10/2024, 23:30:14";0.0019455930000000002;0.0019455930000000002;0.0019455930000000002
"6/10/2024, 22:30:33";0.002405034;0.002405034;0.002405034
"6/10/2024, 21:30:13";0.002811957;0.002811957;0.002811957
"6/10/2024, 20:30:03";0.00235108;0.00235108;0.00235108
"6/10/2024, 19:30:01";0.002273629;0.002273629;0.002273629
"6/10/2024, 18:30:07";0.002501776;0.002501776;0.002501776
"6/10/2024, 17:30:33";0.0024193440000000004;0.0024193440000000004;0.0024193440000000004
"6/10/2024, 16:30:35";0.001497414;0.001497414;0.001497414
"6/10/2024, 15:30:08";0.001823199;0.001823199;0.001823199
"6/10/2024, 14:30:21";0.001839474;0.001839474;0.001839474
"6/10/2024, 13:30:03";0.0019152610000000001;0.0019152610000000001;0.0019152610000000001
"6/10/2024, 12:30:31";0.0025767340000000002;0.0025767340000000002;0.0025767340000000002
"6/10/2024, 11:30:18";0.004119659;0.004119659;0.004119659
"6/10/2024, 10:30:13";0.0055647909999999995;0.0055647909999999995;0.0055647909999999995
"6/10/2024, 09:30:03";0.005510698;0.005510698;0.005510698
"6/10/2024, 08:30:24";0.0052215759999999995;0.0052215759999999995;0.0052215759999999995
"6/10/2024, 07:30:29";0.004400761;0.004400761;0.004400761
"6/10/2024, 06:30:26";0.00239092;0.00239092;0.00239092
"6/10/2024, 05:30:22";0.001386099;0.001386099;0.001386099
"6/10/2024, 04:30:22";0.001418574;0.001418574;0.001418574
"6/10/2024, 03:30:29";0.0017787109999999999;0.0017787109999999999;0.0017787109999999999
"6/10/2024, 02:30:14";0.001159094;0.001159094;0.001159094
"6/10/2024, 01:30:27";0.0017438820000000002;0.0017438820000000002;0.0017438820000000002
"6/10/2024, 00:30:22";0.001637937;0.001637937;0.001637937
"6/9/2024, 23:30:07";0.001600365;0.001600365;0.001600365
"6/9/2024, 22:30:11";0.001781368;0.001781368;0.001781368
"6/9/2024, 21:30:06";0.002228706;0.002228706;0.002228706
"6/9/2024, 20:30:11";0.002879499;0.002879499;0.002879499
"6/9/2024, 19:30:21";0.003893434;0.003893434;0.003893434
"6/9/2024, 18:30:12";0.00609754;0.00609754;0.00609754
"6/9/2024, 17:30:12";0.006681672;0.006681672;0.006681672
"6/9/2024, 16:30:15";0.003465825;0.003465825;0.003465825
"6/9/2024, 15:30:02";0.0033148270000000002;0.0033148270000000002;0.0033148270000000002
"6/9/2024, 14:30:13";0.004237149;0.004237149;0.004237149
"6/9/2024, 13:30:03";0.003186518;0.003186518;0.003186518
"6/9/2024, 12:30:12";0.003841116;0.003841116;0.003841116
"6/9/2024, 11:30:07";0.0055081489999999995;0.0055081489999999995;0.0055081489999999995
"6/9/2024, 10:30:03";0.006116886;0.006116886;0.006116886
"6/9/2024, 09:30:02";0.011213061;0.011213061;0.011213061
"6/9/2024, 08:30:32";0.0058797;0.0058797;0.0058797
"6/9/2024, 07:30:02";0.006015789;0.006015789;0.006015789
"6/9/2024, 06:30:17";0.008587426;0.008587426;0.008587426
"6/9/2024, 05:30:28";0.006385099;0.006385099;0.006385099
"6/9/2024, 04:30:20";0.007889997;0.007889997;0.007889997
"6/9/2024, 03:30:22";0.009631057;0.009631057;0.009631057
"6/9/2024, 02:30:23";0.013056597999999999;0.013056597999999999;0.013056597999999999
"6/9/2024, 01:30:02";0.012394804;0.012394804;0.012394804
"6/9/2024, 00:30:29";0.011124505;0.011124505;0.011124505
"6/8/2024, 23:30:01";0.011202089;0.011202089;0.011202089
"6/8/2024, 22:30:54";0.010311647;0.010311647;0.010311647
"6/8/2024, 21:30:02";0.00855337;0.00855337;0.00855337
"6/8/2024, 20:30:58";0.007047691;0.007047691;0.007047691
"6/8/2024, 19:30:04";0.006615729;0.006615729;0.006615729
"6/8/2024, 18:30:02";0.008598262;0.008598262;0.008598262
"6/8/2024, 17:30:33";0.010521361;0.010521361;0.010521361
"6/8/2024, 16:30:16";0.011219661;0.011219661;0.011219661
"6/8/2024, 15:30:14";0.012188357;0.012188357;0.012188357
"6/8/2024, 14:30:46";0.012138455999999999;0.012138455999999999;0.012138455999999999
"6/8/2024, 13:30:45";0.010698575;0.010698575;0.010698575
"6/8/2024, 12:30:17";0.011107454000000001;0.011107454000000001;0.011107454000000001
"6/8/2024, 11:30:03";0.010752791;0.010752791;0.010752791
"6/8/2024, 10:30:50";0.009939963000000001;0.009939963000000001;0.009939963000000001
"6/8/2024, 09:30:45";0.00790904;0.00790904;0.00790904
"6/8/2024, 08:30:04";0.006569798000000001;0.006569798000000001;0.006569798000000001
"6/8/2024, 07:30:36";0.006065584000000001;0.006065584000000001;0.006065584000000001
"6/8/2024, 06:30:42";0.008208586;0.008208586;0.008208586
"6/8/2024, 05:30:39";0.011226235000000001;0.011226235000000001;0.011226235000000001
"6/8/2024, 04:30:35";0.015838987;0.015838987;0.015838987
"6/8/2024, 03:30:58";0.015673654;0.015673654;0.015673654
"6/8/2024, 02:30:36";0.021319471;0.021319471;0.021319471
"6/8/2024, 01:30:13";0.015495598;0.015495598;0.015495598
"6/8/2024, 00:30:29";0.004598371;0.004598371;0.004598371
"6/7/2024, 23:30:26";0.0032059790000000003;0.0032059790000000003;0.0032059790000000003
"6/7/2024, 22:30:50";0.0052187299999999995;0.0052187299999999995;0.0052187299999999995
"6/7/2024, 21:30:52";0.005982704;0.005982704;0.005982704
"6/7/2024, 20:30:03";0.007264866;0.007264866;0.007264866
"6/7/2024, 19:30:52";0.00947461;0.00947461;0.00947461
"6/7/2024, 18:30:19";0.007532998;0.007532998;0.007532998
"6/7/2024, 17:30:19";0.011934499000000001;0.011934499000000001;0.011934499000000001
"6/7/2024, 16:30:51";0.008898263;0.008898263;0.008898263
"6/7/2024, 15:30:26";0.009680693;0.009680693;0.009680693
"6/7/2024, 14:30:35";0.013743356;0.013743356;0.013743356
"6/7/2024, 13:30:23";0.007951551999999999;0.007951551999999999;0.007951551999999999
"6/7/2024, 12:30:02";0.008748423;0.008748423;0.008748423
"6/7/2024, 11:30:37";0.005897607;0.005897607;0.005897607
"6/7/2024, 10:30:23";0.005052526;0.005052526;0.005052526
"6/7/2024, 09:30:29";0.00494216;0.00494216;0.00494216
"6/7/2024, 08:30:20";0.006186559;0.006186559;0.006186559
"6/7/2024, 07:31:02";0.007094156;0.007094156;0.007094156
"6/7/2024, 06:30:20";0.007118963;0.007118963;0.007118963
"6/7/2024, 05:30:09";0.005865462;0.005865462;0.005865462
"6/7/2024, 04:30:25";0.005289148;0.005289148;0.005289148
"6/7/2024, 03:30:34";0.0039537800000000005;0.0039537800000000005;0.0039537800000000005
"6/7/2024, 02:30:20";0.004361663;0.004361663;0.004361663
"6/7/2024, 01:30:49";0.004540659;0.004540659;0.004540659
"6/7/2024, 00:30:22";0.005769313999999999;0.005769313999999999;0.005769313999999999
"6/6/2024, 23:30:57";0.005902684;0.005902684;0.005902684
"6/6/2024, 22:31:09";0.0051847690000000005;0.0051847690000000005;0.0051847690000000005
"6/6/2024, 21:30:55";0.007210498;0.007210498;0.007210498
"6/6/2024, 20:31:23";0.008684255;0.008684255;0.008684255
"6/6/2024, 19:31:23";0.008152935;0.008152935;0.008152935
"6/6/2024, 18:30:01";0.007759614;0.007759614;0.007759614
"6/6/2024, 17:30:04";0.010488137;0.010488137;0.010488137
"6/6/2024, 16:31:00";0.0074440949999999995;0.0074440949999999995;0.0074440949999999995
"6/6/2024, 15:30:09";0.009127306;0.009127306;0.009127306
"6/6/2024, 14:30:03";0.00893574;0.00893574;0.00893574
"6/6/2024, 13:30:06";0.0102652;0.0102652;0.0102652
"6/6/2024, 12:30:13";0.012163131999999998;0.012163131999999998;0.012163131999999998
"6/6/2024, 11:30:34";0.012781105000000001;0.012781105000000001;0.012781105000000001
"6/6/2024, 10:30:09";0.016505196000000003;0.016505196000000003;0.016505196000000003
"6/6/2024, 09:31:17";0.015946263;0.015946263;0.015946263
"6/6/2024, 08:30:19";0.016504895999999998;0.016504895999999998;0.016504895999999998
"6/6/2024, 07:30:07";0.015746638;0.015746638;0.015746638
"6/6/2024, 06:30:51";0.014947756;0.014947756;0.014947756
"6/6/2024, 05:30:08";0.013736981;0.013736981;0.013736981
"6/6/2024, 04:30:23";0.012574515999999999;0.012574515999999999;0.012574515999999999
"6/6/2024, 03:30:28";0.014074763;0.014074763;0.014074763
"6/6/2024, 02:30:30";0.014140971;0.014140971;0.014140971
"6/6/2024, 01:30:10";0.014958013;0.014958013;0.014958013
"6/6/2024, 00:31:06";0.015819003;0.015819003;0.015819003
"6/5/2024, 23:30:12";0.01611311;0.01611311;0.01611311
"6/5/2024, 22:30:05";0.013806497000000001;0.013806497000000001;0.013806497000000001
"6/5/2024, 21:30:13";0.014640148;0.014640148;0.014640148
"6/5/2024, 20:30:15";0.011455648;0.011455648;0.011455648
"6/5/2024, 19:30:17";0.013994997;0.013994997;0.013994997
"6/5/2024, 18:30:13";0.012985511;0.012985511;0.012985511
"6/5/2024, 17:30:20";0.015609004000000001;0.015609004000000001;0.015609004000000001
"6/5/2024, 16:30:10";0.014673062999999998;0.014673062999999998;0.014673062999999998
"6/5/2024, 15:30:28";0.015418508;0.015418508;0.015418508
"6/5/2024, 14:30:03";0.018314693;0.018314693;0.018314693
"6/5/2024, 13:30:04";0.018010761;0.018010761;0.018010761
"6/5/2024, 12:30:05";0.013869886;0.013869886;0.013869886
"6/5/2024, 11:30:25";0.012718062;0.012718062;0.012718062
"6/5/2024, 10:30:08";0.012826908;0.012826908;0.012826908
"6/5/2024, 09:30:07";0.012446840999999998;0.012446840999999998;0.012446840999999998
"6/5/2024, 08:30:20";0.017624855000000002;0.017624855000000002;0.017624855000000002
"6/5/2024, 07:30:21";0.015116695999999999;0.015116695999999999;0.015116695999999999
"6/5/2024, 06:30:18";0.014144895;0.014144895;0.014144895
"6/5/2024, 05:30:05";0.015682324;0.015682324;0.015682324
"6/5/2024, 04:30:05";0.013159807;0.013159807;0.013159807
"6/5/2024, 03:30:10";0.013159376;0.013159376;0.013159376
"6/5/2024, 02:30:05";0.012439507;0.012439507;0.012439507
"6/5/2024, 01:30:08";0.007965692;0.007965692;0.007965692
"6/5/2024, 00:30:22";0.011068102;0.011068102;0.011068102
"6/4/2024, 23:30:06";0.013271038;0.013271038;0.013271038
"6/4/2024, 22:30:15";0.012972194;0.012972194;0.012972194
"6/4/2024, 21:30:05";0.0071181939999999996;0.0071181939999999996;0.0071181939999999996
"6/4/2024, 20:30:21";0.006558864;0.006558864;0.006558864
"6/4/2024, 19:30:14";0.005658483999999999;0.005658483999999999;0.005658483999999999
"6/4/2024, 18:31:03";0.005497843;0.005497843;0.005497843
"6/4/2024, 17:30:10";0.006294839;0.006294839;0.006294839
"6/4/2024, 16:30:48";0.008282117;0;0